epoch,lr,step,train_loss,train_rmse,val_coverage_95,val_loss,val_rmse
0,0.00014699999883305281,49,31.089550018310547,12.305512428283691,,,
0,0.0002969999914057553,99,19.868925094604492,6.736954212188721,,,
0,0.000299999926937744,149,0.5629483461380005,1.0908563137054443,,,
0,0.0002999996650032699,199,0.6620181202888489,1.1038501262664795,,,
0,0.00029999922844581306,249,0.6915058493614197,1.1128424406051636,,,
0,0.0002999986463692039,299,0.715019941329956,1.1311005353927612,,,
0,0.0002999978605657816,349,0.6814178824424744,1.1085450649261475,,,
0,0.000299996929243207,399,0.6676807403564453,1.1066827774047852,,,
0,0.00029999579419381917,449,0.6680476069450378,1.07846200466156,,,
0,0.00029999451362527907,499,0.9033384323120117,1.3158118724822998,,,
0,0.00029999305843375623,549,0.6509763598442078,1.0930702686309814,,,
0,0.00029999142861925066,599,0.7487460374832153,1.1531243324279785,,,
0,0.00029998962418176234,649,0.6722821593284607,1.1166061162948608,,,
0,,696,,,0.9407720565795898,0.703790009021759,1.1279913187026978
1,0.0002999876451212913,699,0.7476488351821899,1.1839287281036377,,,
1,0.0002999854914378375,749,0.6201392412185669,1.0775185823440552,,,
1,0.00029998316313140094,799,0.647510826587677,1.0854136943817139,,,
1,0.0002999806893058121,849,0.6540516018867493,1.091517448425293,,,
1,0.0002999780117534101,899,0.6365563273429871,1.069180965423584,,,
1,0.0002999751886818558,949,0.6653148531913757,1.0869743824005127,,,
1,0.0002999721618834883,999,0.8160878419876099,1.246785283088684,,,
1,0.0002999689895659685,1049,0.6892088651657104,1.119657039642334,,,
1,0.000299965642625466,1099,0.6000264883041382,1.0441402196884155,,,
1,0.0002999621210619807,1149,0.6825299859046936,1.1065200567245483,,,
1,0.0002999584248755127,1199,0.6571089625358582,1.0854278802871704,,,
1,0.000299954554066062,1249,0.6570267081260681,1.075108289718628,,,
1,0.0002999505086336285,1299,0.6530635356903076,1.094706654548645,,,
1,0.00029994628857821226,1349,0.6373001337051392,1.0722659826278687,,,
1,,1393,,,0.9393666982650757,0.6970105171203613,1.1298542022705078
2,0.0002999418938998133,1399,0.7022281885147095,1.1276334524154663,,,
2,0.00029993735370226204,1449,0.6739398241043091,1.1163947582244873,,,
2,0.0002999326097778976,1499,0.637069821357727,1.0633552074432373,,,
2,0.00029992772033438087,1549,0.6742372512817383,1.11459219455719,,,
2,0.00029992262716405094,1599,0.6732808351516724,1.1040254831314087,,,
2,0.0002999173884745687,1649,0.8847269415855408,1.3044178485870361,,,
2,0.00029991197516210377,1699,0.7075167298316956,1.1135953664779663,,,
2,0.0002999063872266561,1749,0.7066254019737244,1.1467541456222534,,,
2,0.00029990062466822565,1799,0.730319619178772,1.1657345294952393,,,
2,0.00029989468748681247,1849,0.6418023109436035,1.0746798515319824,,,
2,0.00029988857568241656,1899,0.6377958059310913,1.0815261602401733,,,
2,0.00029988231835886836,1949,0.7428001761436462,1.1731643676757812,,,
2,0.00029987585730850697,1999,0.6526044607162476,1.0870988368988037,,,
2,0.00029986922163516283,2049,1.0940340757369995,1.4766038656234741,,,
2,,2090,,,0.937654972076416,0.6930426955223083,1.1334989070892334
3,0.0002998624404426664,2099,0.6341803073883057,1.0806429386138916,,,
3,0.00029985548462718725,2149,0.6512007713317871,1.0907562971115112,,,
3,0.0002998483250848949,2199,0.6649206280708313,1.0996793508529663,,,
3,0.00029984102002345026,2249,0.6123816967010498,1.0528428554534912,,,
3,0.0002998335403390229,2299,0.79935622215271,1.2278149127960205,,,
3,0.00029982588603161275,2349,0.6407868266105652,1.074811577796936,,,
3,0.0002998180571012199,2399,0.6553757786750793,1.093516230583191,,,
3,0.0002998100535478443,2449,0.7350094318389893,1.185863971710205,,,
3,0.0002998019044753164,2499,0.6596910357475281,1.0946998596191406,,,
3,0.0002997935516759753,2549,0.6170835494995117,1.0574445724487305,,,
3,0.0002997850242536515,2599,0.6799235939979553,1.0880494117736816,,,
3,0.0002997763513121754,2649,0.648484468460083,1.0853703022003174,,,
3,0.00029976750374771655,2699,0.63077712059021,1.0598326921463013,,,
3,0.0002997584524564445,2749,0.661544144153595,1.1023551225662231,,,
3,,2787,,,0.9423176050186157,0.6978796720504761,1.1348145008087158
4,0.0002997492556460202,2799,0.6598262786865234,1.1035523414611816,,,
4,0.0002997398842126131,2849,0.6440623998641968,1.0846116542816162,,,
4,0.0002997303381562233,2899,0.6983627676963806,1.1413666009902954,,,
4,0.00029972061747685075,2949,0.6895164847373962,1.127029299736023,,,
4,0.0002997107512783259,2999,0.6061762571334839,1.0504759550094604,,,
4,0.0002997006813529879,3049,0.6927305459976196,1.1346819400787354,,,
4,0.0002996904368046671,3099,0.6484947800636292,1.0761452913284302,,,
4,0.00029968004673719406,3149,0.6823204159736633,1.1199511289596558,,,
4,0.0002996694529429078,3199,0.6610067486763,1.0973525047302246,,,
4,0.0002996587136294693,3249,0.617931067943573,1.066045880317688,,,
4,0.000299647799693048,3299,0.6387885808944702,1.0822250843048096,,,
4,0.000299636711133644,3349,0.6184359788894653,1.0665394067764282,,,
4,0.00029962544795125723,3399,0.6433056592941284,1.0776780843734741,,,
4,0.00029961401014588773,3449,0.6259865760803223,1.068764328956604,,,
4,,3484,,,0.9386823177337646,0.699890673160553,1.1357707977294922
5,0.0002996023977175355,3499,0.6217901110649109,1.063578724861145,,,
5,0.000299590639770031,3549,0.6613981127738953,1.0898606777191162,,,
5,0.00029957867809571326,3599,0.6186029314994812,1.0694687366485596,,,
5,0.00029956657090224326,3649,0.6661129593849182,1.091180443763733,,,
5,0.00029955425998196006,3699,0.6017571091651917,1.0329830646514893,,,
5,0.0002995418035425246,3749,0.797834038734436,1.228158712387085,,,
5,0.00029952917248010635,3799,0.6370155215263367,1.084257960319519,,,
5,0.0002995163667947054,3849,0.6137565970420837,1.056429147720337,,,
5,0.0002995033864863217,3899,0.6508274078369141,1.082189679145813,,,
5,0.00029949023155495524,3949,0.6543227434158325,1.0766345262527466,,,
5,0.00029947690200060606,3999,0.6477789878845215,1.081024408340454,,,
5,0.0002994634269271046,4049,0.6274683475494385,1.062509536743164,,,
5,0.00029944974812678993,4099,0.6109596490859985,1.0484895706176758,,,
5,0.000299435923807323,4149,0.6948903203010559,1.1332556009292603,,,
5,,4181,,,0.944177508354187,0.7115091681480408,1.1387403011322021
6,0.0002994219248648733,4199,0.6799429655075073,1.1231476068496704,,,
6,0.0002994077221956104,4249,0.6305683255195618,1.0755575895309448,,,
6,0.00029939337400719523,4299,0.6302254796028137,1.0693913698196411,,,
6,0.0002993788511957973,4349,0.6989757418632507,1.1333487033843994,,,
6,0.0002993641537614167,4399,0.6866973638534546,1.1066875457763672,,,
6,0.00029934931080788374,4449,0.6286095976829529,1.0721937417984009,,,
6,0.0002993342641275376,4499,0.745895266532898,1.1888796091079712,,,
6,0.0002993190719280392,4549,0.6015423536300659,1.0435093641281128,,,
6,0.0002993036760017276,4599,0.6417177319526672,1.0829764604568481,,,
6,0.0002992881345562637,4649,0.6746888160705566,1.1041691303253174,,,
6,0.00029927241848781705,4699,0.6033321619033813,1.029679298400879,,,
6,0.00029925652779638767,4749,0.6255912184715271,1.0632587671279907,,,
6,0.00029924046248197556,4799,0.6177072525024414,1.0647904872894287,,,
6,0.0002992242225445807,4849,0.5947629809379578,1.0410783290863037,,,
6,,4878,,,0.9376948475837708,0.6917045712471008,1.1347041130065918
7,0.0002992078079842031,4899,0.8037436604499817,1.231515884399414,,,
7,0.0002991912479046732,4949,0.63735431432724,1.0976731777191162,,,
7,0.00029917448409833014,4999,0.6765346527099609,1.1131999492645264,,,
7,0.0002991575747728348,5049,0.6784529685974121,1.1159712076187134,,,
7,0.0002991404908243567,5099,0.6555740833282471,1.1035696268081665,,,
7,0.00029912323225289583,5149,0.6678673624992371,1.0965933799743652,,,
7,0.00029910579905845225,5199,0.7098806500434875,1.1465262174606323,,,
7,0.0002990881912410259,5249,0.6216787695884705,1.077202558517456,,,
7,0.00029907040880061686,5299,0.6647623777389526,1.104150414466858,,,
7,0.0002990524808410555,5349,0.6103029847145081,1.0468031167984009,,,
7,0.00029903434915468097,5399,0.8176987171173096,1.2321304082870483,,,
7,0.00029901607194915414,5449,0.6287273168563843,1.0678735971450806,,,
7,0.00029899762012064457,5499,0.5990071296691895,1.0454431772232056,,,
7,0.0002989789645653218,5549,0.6653878688812256,1.081346869468689,,,
7,,5575,,,0.9356933832168579,0.6914581656455994,1.135711908340454
8,0.0002989601925946772,5599,0.7139926552772522,1.164991855621338,,,
8,0.0002989412168972194,5649,0.5926700830459595,1.0650383234024048,,,
8,0.0002989220665767789,5699,0.6616648435592651,1.0831797122955322,,,
8,0.0002989027416333556,5749,0.6688883900642395,1.079145073890686,,,
8,0.00029888327117078006,5799,0.8059808611869812,1.2240160703659058,,,
8,0.00029886362608522177,5849,0.6631961464881897,1.0807689428329468,,,
8,0.00029884380637668073,5899,0.6404175758361816,1.0684267282485962,,,
8,0.00029882381204515696,5949,0.6551664471626282,1.0901811122894287,,,
8,0.00029880364309065044,5999,0.6592478156089783,1.0900750160217285,,,
8,0.0002987832995131612,6049,0.6368647813796997,1.0877779722213745,,,
8,0.0002987627813126892,6099,0.6236450672149658,1.0931178331375122,,,
8,0.0002987421175930649,6149,0.6364800333976746,1.081270694732666,,,
8,0.0002987212792504579,6199,0.6242681741714478,1.0752291679382324,,,
8,0.00029870023718103766,6249,0.6255397200584412,1.0871825218200684,,,
8,,6272,,,0.9367746710777283,0.6731744408607483,1.1332651376724243
9,0.00029867904959246516,6299,0.7552671432495117,1.2171695232391357,,,
9,0.0002986576873809099,6349,0.6369024515151978,1.062406301498413,,,
9,0.0002986361796502024,6399,0.605266809463501,1.0662975311279297,,,
9,0.00029861446819268167,6449,0.6857267618179321,1.1062754392623901,,,
9,0.00029859261121600866,6499,0.6769942045211792,1.1121256351470947,,,
9,0.00029857055051252246,6549,0.6048354506492615,1.053682565689087,,,
9,0.00029854834428988397,6599,0.656978189945221,1.0752025842666626,,,
9,0.00029852596344426274,6649,0.7567825317382812,1.1902451515197754,,,
9,0.0002985034079756588,6699,0.603421151638031,1.058923363685608,,,
9,0.0002984807069879025,6749,0.6193904876708984,1.0655896663665771,,,
9,0.00029845780227333307,6799,0.6702072024345398,1.1118159294128418,,,
9,0.00029843475203961134,6849,0.6586018204689026,1.1165211200714111,,,
9,0.0002984114980790764,6899,0.6290339827537537,1.0888763666152954,,,
9,0.0002983880985993892,6949,0.9012183547019958,1.2096530199050903,,,
9,,6969,,,0.9345648884773254,0.6780781149864197,1.1309096813201904
10,0.00029836452449671924,6999,0.7261525392532349,1.1568752527236938,,,
10,0.00029834077577106655,7049,0.6582958102226257,1.0990294218063354,,,
10,0.00029831688152626157,7099,0.6609049439430237,1.1184172630310059,,,
10,0.0002982927835546434,7149,0.6852494478225708,1.124512791633606,,,
10,0.00029826854006387293,7199,0.6353902816772461,1.0854617357254028,,,
10,0.00029824412195011973,7249,0.7730357050895691,1.2081059217453003,,,
10,0.0002982195292133838,7299,0.9028806686401367,1.3790104389190674,,,
10,0.0002981947618536651,7349,0.5997027158737183,1.031901478767395,,,
10,0.0002981698198709637,7399,0.6175360679626465,1.0622187852859497,,,
10,0.00029814473236911,7449,0.6507378220558167,1.1061547994613647,,,
10,0.0002981194411404431,7499,0.6554859280586243,1.1022396087646484,,,
10,0.0002980940043926239,7549,0.6298213601112366,1.0884084701538086,,,
10,0.000298068393021822,7599,0.6646869778633118,1.116419792175293,,,
10,0.0002980426070280373,7649,0.5858193039894104,1.059150218963623,,,
10,,7666,,,0.9531468152999878,0.8511863946914673,1.1669851541519165
11,0.00029801667551510036,7699,0.6712603569030762,1.1060209274291992,,,
11,0.0002979905402753502,7749,0.6043804287910461,1.0523511171340942,,,
11,0.0002979642595164478,7799,0.6290513277053833,1.0907429456710815,,,
11,0.0002979378041345626,7849,0.6054863333702087,1.0590466260910034,,,
11,0.0002979111741296947,7899,0.6402949094772339,1.1031001806259155,,,
11,0.00029788436950184405,7949,0.6240067481994629,1.0888416767120361,,,
11,0.00029785739025101066,7999,0.6105550527572632,1.0781166553497314,,,
11,0.000297830265481025,8049,0.7275652885437012,1.1628849506378174,,,
11,0.00029780296608805656,8099,0.7431424856185913,1.1317713260650635,,,
11,0.0002977754920721054,8149,0.7254906296730042,1.1506760120391846,,,
11,0.0002977478434331715,8199,0.7191106081008911,1.1679867506027222,,,
11,0.0002977200201712549,8249,0.7043508291244507,1.148323655128479,,,
11,0.0002976920222863555,8299,0.5983482003211975,1.0705230236053467,,,
11,0.00029766387888230383,8349,0.7682711482048035,1.1838701963424683,,,
11,,8363,,,0.9338428974151611,0.6636579632759094,1.1267805099487305
12,0.00029763556085526943,8399,0.5984432697296143,1.082070231437683,,,
12,0.0002976070682052523,8449,0.6641189455986023,1.0789704322814941,,,
12,0.0002975784009322524,8499,0.5889062285423279,1.0547354221343994,,,
12,0.00029754958814010024,8549,0.7364819049835205,1.1887890100479126,,,
12,0.0002975205716211349,8599,0.6519880890846252,1.0806630849838257,,,
12,0.00029749140958301723,8649,0.7684913873672485,1.1908550262451172,,,
12,0.00029746207292191684,8699,0.5914218425750732,1.0387970209121704,,,
12,0.0002974325616378337,8749,0.5930177569389343,1.0668840408325195,,,
12,0.00029740287573076785,8799,0.6776394248008728,1.154874324798584,,,
12,0.0002973730443045497,8849,0.637531042098999,1.0741952657699585,,,
12,0.0002973430382553488,8899,0.6645470261573792,1.0992151498794556,,,
12,0.00029731285758316517,8949,0.631930947303772,1.076952576637268,,,
12,0.0002972825022879988,8999,0.6458787322044373,1.1110353469848633,,,
12,0.0002972519723698497,9049,0.6262560486793518,1.0844557285308838,,,
12,,9060,,,0.9533193111419678,0.786993682384491,1.1577870845794678
13,0.0002972212969325483,9099,0.6288198232650757,1.0797827243804932,,,
13,0.00029719044687226415,9149,0.6656033992767334,1.1406387090682983,,,
13,0.00029715942218899727,9199,0.6663297414779663,1.1031752824783325,,,
13,0.00029712822288274765,9249,0.6067395210266113,1.0699394941329956,,,
13,0.0002970968489535153,9299,0.6602564454078674,1.1122047901153564,,,
13,0.00029706532950513065,9349,0.5497955083847046,1.0290062427520752,,,
13,0.00029703363543376327,9399,0.7146064043045044,1.1648993492126465,,,
13,0.00029700176673941314,9449,0.6191916465759277,1.0547113418579102,,,
13,0.0002969697234220803,9499,0.6458500623703003,1.0984110832214355,,,
13,0.00029693753458559513,9549,0.6910631060600281,1.1268278360366821,,,
13,0.00029690517112612724,9599,0.5742973685264587,1.0342531204223633,,,
13,0.00029687260393984616,9649,0.6384353637695312,1.0904643535614014,,,
13,0.00029683992033824325,9699,0.6953481435775757,1.1298516988754272,,,
13,0.00029680703300982714,9749,0.6374765634536743,1.0972784757614136,,,
13,,9757,,,0.9430267810821533,0.6806181073188782,1.116258978843689
14,0.00029677400016225874,9799,0.6319200992584229,1.1112059354782104,,,
14,0.00029674076358787715,9849,0.6057194471359253,1.0419312715530396,,,
14,0.00029670741059817374,9899,0.7311944365501404,1.1247200965881348,,,
14,0.0002966738538816571,9949,0.6604838967323303,1.102396011352539,,,
14,0.00029664012254215777,9999,0.6789100766181946,1.125934362411499,,,
14,0.00029660624568350613,10049,0.5901089310646057,1.0509750843048096,,,
14,0.00029657219420187175,10099,0.6248328685760498,1.1108479499816895,,,
14,0.00029653796809725463,10149,0.6325328946113586,1.0671682357788086,,,
14,0.00029650359647348523,10199,0.5965741276741028,1.0744552612304688,,,
14,0.00029646902112290263,10249,0.7189890146255493,1.206106424331665,,,
14,0.00029643430025316775,10299,0.6141456365585327,1.0801911354064941,,,
14,0.0002963994338642806,10349,0.6010014414787292,1.0519294738769531,,,
14,0.0002963643637485802,10399,0.6231966614723206,1.0862393379211426,,,
14,0.00029632914811372757,10449,0.6002939939498901,1.0567278861999512,,,
14,,10454,,,0.933057427406311,0.631304919719696,1.107232928276062
15,0.0002962937578558922,10499,0.595402717590332,1.0685395002365112,,,
15,0.00029625819297507405,10549,0.549241304397583,1.0392439365386963,,,
15,0.0002962224534712732,10599,0.7048702836036682,1.1499223709106445,,,
15,0.00029618656844832003,10649,0.5734835863113403,1.0582306385040283,,,
15,0.00029615050880238414,10699,0.5877913236618042,1.0615808963775635,,,
15,0.0002961142745334655,10749,0.620302140712738,1.0783966779708862,,,
15,0.00029607786564156413,10799,0.6159792542457581,1.0731738805770874,,,
15,0.0002960413112305105,10849,0.5989277958869934,1.055262565612793,,,
15,0.0002960045821964741,10899,0.5927028656005859,1.062461495399475,,,
15,0.00029596767853945494,10949,0.5719310641288757,1.058675765991211,,,
15,0.0002959306293632835,10999,0.5573621392250061,1.0418009757995605,,,
15,0.0002958933764602989,11049,0.6044242978096008,1.0666961669921875,,,
15,0.000295855978038162,11099,0.5755040049552917,1.0569484233856201,,,
15,0.0002958184340968728,11149,0.6200509667396545,1.1034879684448242,,,
15,,11151,,,0.9380713105201721,0.6312474012374878,1.0925185680389404
16,0.0002957806864287704,11199,0.5310056805610657,1.0122010707855225,,,
16,0.00029574279324151576,11249,0.5085206031799316,1.0011017322540283,,,
16,0.00029570472543127835,11299,0.576469898223877,1.06990385055542,,,
16,0.0002956664829980582,11349,0.6447026133537292,1.1336774826049805,,,
16,0.00029562809504568577,11399,0.5335580110549927,1.0219683647155762,,,
16,0.0002955895324703306,11449,0.5904339551925659,1.0693780183792114,,,
16,0.0002955507952719927,11499,0.5740129947662354,1.041822075843811,,,
16,0.00029551188345067203,11549,0.5135166645050049,1.0090357065200806,,,
16,0.0002954728261101991,11599,0.5425434708595276,1.0369991064071655,,,
16,0.0002954335941467434,11649,0.5200067162513733,1.0074219703674316,,,
16,0.000295394187560305,11699,0.5472296476364136,1.0444785356521606,,,
16,0.0002953546354547143,11749,0.5254082679748535,1.0233021974563599,,,
16,0.00029531490872614086,11799,0.5357196927070618,1.0247306823730469,,,
16,,11848,,,0.9445636868476868,0.6114515066146851,1.0760949850082397
17,0.0002952750073745847,11849,0.5834752917289734,1.0640510320663452,,,
17,0.00029523493140004575,11899,0.612427830696106,1.1004258394241333,,,
17,0.00029519470990635455,11949,0.5601503849029541,1.0448575019836426,,,
17,0.0002951543137896806,11999,0.559885561466217,1.041206955909729,,,
17,0.00029511377215385437,12049,0.5370926856994629,1.033427119255066,,,
17,0.00029507302679121494,12099,0.5209153294563293,1.0274237394332886,,,
17,0.00029503213590942323,12149,0.5573437213897705,1.0544413328170776,,,
17,0.0002949910704046488,12199,0.5765462517738342,1.05780827999115,,,
17,0.00029494985938072205,12249,0.5516372919082642,1.0452215671539307,,,
17,0.00029490847373381257,12299,0.5897151231765747,1.0703831911087036,,,
17,0.00029486691346392035,12349,0.5337709784507751,1.0195989608764648,,,
17,0.0002948251785710454,12399,0.5822828412055969,1.0686326026916504,,,
17,0.00029478329815901816,12449,0.5349164009094238,1.0323710441589355,,,
17,0.0002947412431240082,12499,0.5405467748641968,1.0429335832595825,,,
17,,12545,,,0.944896936416626,0.5762138962745667,1.0598244667053223
18,0.0002946990425698459,12549,0.5266445875167847,1.0186045169830322,,,
18,0.00029465663828887045,12599,0.5035727024078369,1.0053904056549072,,,
18,0.0002946140884887427,12649,0.5591204166412354,1.0617674589157104,,,
18,0.0002945713931694627,12699,0.5124265551567078,1.0187264680862427,,,
18,0.00029452849412336946,12749,0.5089530348777771,1.0027974843978882,,,
18,0.00029448544955812395,12799,0.5336376428604126,1.0297160148620605,,,
18,0.00029444225947372615,12849,0.513918936252594,0.9973238110542297,,,
18,0.00029439886566251516,12899,0.5333316922187805,1.0261859893798828,,,
18,0.0002943553263321519,12949,0.4870850443840027,1.0002626180648804,,,
18,0.00029431164148263633,12999,0.5232986807823181,1.0297818183898926,,,
18,0.0002942677529063076,13049,0.5536677837371826,1.041934847831726,,,
18,0.00029422371881082654,13099,0.5282631516456604,1.0365911722183228,,,
18,0.0002941795391961932,13149,0.506771981716156,1.0142078399658203,,,
18,0.0002941351558547467,13199,0.5326875448226929,1.0310959815979004,,,
18,,13242,,,0.9410033822059631,0.5480675101280212,1.0431030988693237
19,0.0002940906269941479,13249,0.5403799414634705,1.0403025150299072,,,
19,0.0002940459526143968,13299,0.5194923281669617,1.0254690647125244,,,
19,0.00029400107450783253,13349,0.4899388551712036,0.99306720495224,,,
19,0.0002939560799859464,13399,0.4823431372642517,0.9944382309913635,,,
19,0.0002939108817372471,13449,0.5034282803535461,1.024674892425537,,,
19,0.0002938655379693955,13499,0.5305125117301941,1.0375863313674927,,,
19,0.0002938200195785612,13549,0.5062338709831238,1.0190672874450684,,,
19,0.0002937743265647441,13599,0.4930010735988617,0.9927309155464172,,,
19,0.00029372848803177476,13649,0.4669871926307678,0.9948727488517761,,,
19,0.00029368247487582266,13699,0.49945300817489624,0.9981001615524292,,,
19,0.0002936363162007183,13749,0.46994125843048096,1.0003618001937866,,,
19,0.00029358998290263116,13799,0.4353897273540497,0.9642895460128784,,,
19,0.0002935434749815613,13849,0.448034405708313,0.9711055755615234,,,
19,0.00029349682154133916,13899,0.4778400659561157,1.013102650642395,,,
19,,13939,,,0.9533451795578003,0.552639365196228,1.0298446416854858
20,0.0002934499934781343,13949,0.44871649146080017,0.9683773517608643,,,
20,0.00029340299079194665,13999,0.4834200143814087,0.9840181469917297,,,
20,0.00029335584258660674,14049,0.43969306349754333,0.9667678475379944,,,
20,0.0002933085197582841,14099,0.4480176568031311,0.9638805985450745,,,
20,0.0002932610223069787,14149,0.47290536761283875,0.9910559058189392,,,
20,0.00029321337933652103,14199,0.41293519735336304,0.9406248927116394,,,
20,0.00029316559084691107,14249,0.4547501802444458,0.994337260723114,,,
20,0.0002931175986304879,14299,0.41963398456573486,0.958558976650238,,,
20,0.0002930694608949125,14349,0.4597608149051666,0.9884430766105652,,,
20,0.00029302117764018476,14399,0.45120760798454285,0.9747033715248108,,,
20,0.00029297269065864384,14449,0.4137353003025055,0.9476877450942993,,,
20,0.0002929240872617811,14499,0.3883318603038788,0.927436113357544,,,
20,0.00029287528013810515,14549,0.4372401237487793,0.9677191972732544,,,
20,0.00029282632749527693,14599,0.41326943039894104,0.9556750655174255,,,
20,,14636,,,0.9415518641471863,0.45146098732948303,0.9812416434288025
21,0.0002927772293332964,14649,0.4171161949634552,0.9585745930671692,,,
21,0.0002927279274445027,14699,0.3819015920162201,0.9188876152038574,,,
21,0.0002926785091403872,14749,0.4021741449832916,0.9465034008026123,,,
21,0.00029262888710945845,14799,0.417777419090271,0.9591658711433411,,,
21,0.00029257911955937743,14849,0.4116626977920532,0.9526879787445068,,,
21,0.00029252920649014413,14899,0.3984992206096649,0.9371660351753235,,,
21,0.0002924791187979281,14949,0.39189380407333374,0.9452594518661499,,,
21,0.0002924288564827293,14999,0.38354024291038513,0.9399288296699524,,,
21,0.00029237844864837825,15049,0.4072606861591339,0.9564958214759827,,,
21,0.00029232786619104445,15099,0.389116495847702,0.9266883134841919,,,
21,0.0002922771091107279,15149,0.37906667590141296,0.9179889559745789,,,
21,0.0002922262065112591,15199,0.39436444640159607,0.928555428981781,,,
21,0.0002921751292888075,15249,0.3924425542354584,0.9480509161949158,,,
21,0.00029212390654720366,15299,0.39065492153167725,0.9325265884399414,,,
21,,15333,,,0.9426519870758057,0.40348827838897705,0.9482426047325134
22,0.00029207250918261707,15349,0.34303197264671326,0.8926607966423035,,,
22,0.0002920209662988782,15399,0.37772655487060547,0.9327807426452637,,,
22,0.0002919692487921566,15449,0.37229013442993164,0.9250461459159851,,,
22,0.0002919173857662827,15499,0.38041025400161743,0.9263640642166138,,,
22,0.00029186534811742604,15549,0.33207955956459045,0.8902643918991089,,,
22,0.00029181313584558666,15599,0.3537806570529938,0.9068312644958496,,,
22,0.000291760778054595,15649,0.34477698802948,0.8992885947227478,,,
22,0.0002917082456406206,15699,0.34396612644195557,0.9063611626625061,,,
22,0.0002916555677074939,15749,0.36370447278022766,0.9086679816246033,,,
22,0.00029160271515138447,15799,0.33320319652557373,0.8952289819717407,,,
22,0.00029154971707612276,15849,0.3418627977371216,0.8915834426879883,,,
22,0.0002914965443778783,15899,0.36431318521499634,0.9165014624595642,,,
22,0.0002914431970566511,15949,0.34810593724250793,0.899596631526947,,,
22,0.00029138970421627164,15999,0.3604065775871277,0.92572420835495,,,
22,,16030,,,0.9426490664482117,0.38932740688323975,0.9292749762535095
23,0.0002913360658567399,16049,0.34780168533325195,0.9022120833396912,,,
23,0.0002912822528742254,16099,0.3451823592185974,0.9126408100128174,,,
23,0.00029122826526872814,16149,0.3545573949813843,0.905889630317688,,,
23,0.0002911741321440786,16199,0.33139920234680176,0.8967961668968201,,,
23,0.0002911198535002768,16249,0.3161250054836273,0.8732617497444153,,,
23,0.0002910653711296618,16299,0.3332993686199188,0.8978334069252014,,,
23,0.00029101077234372497,16349,0.3265811800956726,0.8976719975471497,,,
23,0.00029095596983097494,16399,0.311929851770401,0.8628814816474915,,,
23,0.0002909010509029031,16449,0.3406482934951782,0.9095327258110046,,,
23,0.000290845928248018,16499,0.33709952235221863,0.8909112811088562,,,
23,0.00029079068917781115,16549,0.33769550919532776,0.9011436104774475,,,
23,0.00029073524638079107,16599,0.33369243144989014,0.8922568559646606,,,
23,0.00029067968716844916,16649,0.34152108430862427,0.9043111801147461,,,
23,0.00029062392422929406,16699,0.33839353919029236,0.8919252753257751,,,
23,,16727,,,0.934114396572113,0.3452133536338806,0.9155104756355286
24,0.0002905680157709867,16749,0.3143322765827179,0.8817126154899597,,,
24,0.000290511961793527,16799,0.34036028385162354,0.8987297415733337,,,
24,0.0002904557331930846,16849,0.3148314356803894,0.8759443163871765,,,
24,0.0002903993590734899,16899,0.33733272552490234,0.9057779908180237,,,
24,0.00029034281033091247,16949,0.3088446855545044,0.8663124442100525,,,
24,0.00029028611606918275,16999,0.2968069314956665,0.8632950782775879,,,
24,0.0002902292471844703,17049,0.32202306389808655,0.9012726545333862,,,
24,0.00029017223278060555,17099,0.2854367196559906,0.855015218257904,,,
24,0.00029011504375375807,17149,0.30146434903144836,0.8747549057006836,,,
24,0.0002900577092077583,17199,0.32144594192504883,0.8882599472999573,,,
24,0.0002900002000387758,17249,0.3238031566143036,0.8888179659843445,,,
24,0.000289942545350641,17299,0.29502254724502563,0.8710354566574097,,,
24,0.0002898847160395235,17349,0.3285191059112549,0.8931651711463928,,,
24,0.00028982674120925367,17399,0.3103175759315491,0.8891291618347168,,,
24,,17424,,,0.9365490674972534,0.44647327065467834,0.9854929447174072
25,0.00028976862085983157,17449,0.3422746956348419,0.8905041813850403,,,
25,0.00028971032588742673,17499,0.28971919417381287,0.8620621562004089,,,
25,0.00028965185629203916,17549,0.2851216495037079,0.8550308346748352,,,
25,0.0002895932411774993,17599,0.2652141749858856,0.8383541703224182,,,
25,0.00028953448054380715,17649,0.29755741357803345,0.8609361052513123,,,
25,0.00028947554528713226,17699,0.3016665279865265,0.8721363544464111,,,
25,0.00028941643540747464,17749,0.2963554263114929,0.8571766018867493,,,
25,0.0002893572091124952,17799,0.26842358708381653,0.8437567353248596,,,
25,0.00028929777909070253,17849,0.27832654118537903,0.8486300110816956,,,
25,0.00028923823265358806,17899,0.2865111231803894,0.8696039319038391,,,
25,0.0002891784824896604,17949,0.28873705863952637,0.8586245775222778,,,
25,0.0002891186159104109,17999,0.26521942019462585,0.8412671685218811,,,
25,0.00028905857470817864,18049,0.27152153849601746,0.8440572023391724,,,
25,0.00028899835888296366,18099,0.27064990997314453,0.8485304713249207,,,
25,,18121,,,0.9366874098777771,0.3195793032646179,0.8846050500869751
26,0.0002889379975385964,18149,0.25587382912635803,0.8491348028182983,,,
26,0.00028887749067507684,18199,0.27144959568977356,0.8448525071144104,,,
26,0.00028881680918857455,18249,0.28610658645629883,0.8518749475479126,,,
26,0.00028875598218292,18299,0.2843744456768036,0.8586838245391846,,,
26,0.00028869498055428267,18349,0.25813281536102295,0.8305072784423828,,,
26,0.00028863383340649307,18399,0.2576037645339966,0.8433852791786194,,,
26,0.0002885725407395512,18449,0.25621497631073,0.8385609984397888,,,
26,0.00028851107344962656,18499,0.2591544985771179,0.8373057246208191,,,
26,0.00028844946064054966,18549,0.25847306847572327,0.8355584144592285,,,
26,0.00028838767320849,18599,0.2685910165309906,0.8398733735084534,,,
26,0.0002883257402572781,18649,0.2806680202484131,0.8503705859184265,,,
26,0.00028826366178691387,18699,0.26568564772605896,0.8429311513900757,,,
26,0.0002882014086935669,18749,0.3005041480064392,0.8637469410896301,,,
26,0.0002881389809772372,18799,0.2811836302280426,0.8487399220466614,,,
26,,18818,,,0.9421476721763611,0.29656922817230225,0.8705145120620728
27,0.0002880764368455857,18849,0.27627289295196533,0.8674704432487488,,,
27,0.00028801371809095144,18899,0.26245227456092834,0.8429412245750427,,,
27,0.00028795082471333444,18949,0.2735067307949066,0.8520264029502869,,,
27,0.00028788778581656516,18999,0.2657240331172943,0.8462809920310974,,,
27,0.0002878246014006436,19049,0.26192227005958557,0.8343465924263,,,
27,0.0002877612423617393,19099,0.2728351950645447,0.8475856781005859,,,
27,0.0002876977378036827,19149,0.2536599040031433,0.8384930491447449,,,
27,0.0002876340877264738,19199,0.26571857929229736,0.8363304734230042,,,
27,0.0002875702630262822,19249,0.24423055350780487,0.82650226354599,,,
27,0.0002875062928069383,19299,0.25573399662971497,0.8348203897476196,,,
27,0.0002874421770684421,19349,0.2544522285461426,0.8399370908737183,,,
27,0.0002873778867069632,19399,0.23783569037914276,0.8168847560882568,,,
27,0.000287313450826332,19449,0.269504189491272,0.8553658723831177,,,
27,0.000287248840322718,19499,0.27896633744239807,0.858184278011322,,,
27,,19515,,,0.94700026512146,0.29754874110221863,0.8634116649627686
28,0.0002871840842999518,19549,0.25587230920791626,0.8257314562797546,,,
28,0.0002871191827580333,19599,0.22869955003261566,0.8112512826919556,,,
28,0.000287054106593132,19649,0.250209778547287,0.8289307951927185,,,
28,0.0002869888849090785,19699,0.24427013099193573,0.8302622437477112,,,
28,0.00028692351770587265,19749,0.25634387135505676,0.8445332050323486,,,
28,0.0002868579758796841,19799,0.2480057030916214,0.831511914730072,,,
28,0.00028679228853434324,19849,0.2400672286748886,0.8158860206604004,,,
28,0.0002867264556698501,19899,0.24461698532104492,0.832899808883667,,,
28,0.00028666044818237424,19949,0.2614658772945404,0.8461237549781799,,,
28,0.0002865942951757461,19999,0.2474423497915268,0.8228174448013306,,,
28,0.00028652799664996564,20049,0.2432044893503189,0.8283297419548035,,,
28,0.00028646152350120246,20099,0.23587220907211304,0.8209814429283142,,,
28,0.000286394904833287,20149,0.2219509780406952,0.8123125433921814,,,
28,0.00028632814064621925,20199,0.25105857849121094,0.83274245262146,,,
28,,20212,,,0.9411386251449585,0.28290778398513794,0.856685996055603
29,0.00028626120183616877,20249,0.22851020097732544,0.8087508678436279,,,
29,0.000286194117506966,20299,0.23029464483261108,0.818822979927063,,,
29,0.00028612688765861094,20349,0.23777858912944794,0.8207237124443054,,,
29,0.00028605948318727314,20399,0.22418688237667084,0.8111997842788696,,,
29,0.0002859919623006135,20449,0.24132567644119263,0.8272078633308411,,,
29,0.0002859242376871407,20499,0.2557316720485687,0.8287099003791809,,,
29,0.00028585639665834606,20549,0.24293166399002075,0.8229566812515259,,,
29,0.00028578838100656867,20599,0.2285938411951065,0.8164855241775513,,,
29,0.000285720219835639,20649,0.24576859176158905,0.8362924456596375,,,
29,0.00028565191314555705,20699,0.2343617081642151,0.8101021647453308,,,
29,0.00028558343183249235,20749,0.2292909175157547,0.8179938197135925,,,
29,0.0002855148050002754,20799,0.21429330110549927,0.7958564162254333,,,
29,0.0002854460326489061,20849,0.23102083802223206,0.8219354748725891,,,
29,0.00028537711477838457,20899,0.22206056118011475,0.8116694092750549,,,
29,,20909,,,0.9397867321968079,0.2793519198894501,0.8509874939918518
30,0.0002853080222848803,20949,0.22142644226551056,0.8065296411514282,,,
30,0.0002852387842722237,20999,0.19605983793735504,0.7848418354988098,,,
30,0.00028516940074041486,21049,0.23646491765975952,0.8219260573387146,,,
30,0.00028509984258562326,21099,0.21085770428180695,0.7921135425567627,,,
30,0.0002850301389116794,21149,0.21034222841262817,0.7930266261100769,,,
30,0.0002849602897185832,21199,0.22281673550605774,0.8074725270271301,,,
30,0.0002848902950063348,21249,0.2070651352405548,0.7975824475288391,,,
30,0.0002848201256711036,21299,0.21022000908851624,0.8016709685325623,,,
30,0.0002847498399205506,21349,0.2304372936487198,0.8169053792953491,,,
30,0.0002846793504431844,21399,0.2173289954662323,0.8077979683876038,,,
30,0.00028460874455049634,21449,0.21928571164608002,0.8125801086425781,,,
30,0.000284537993138656,21499,0.2189788520336151,0.8075705170631409,,,
30,0.00028446706710383296,21549,0.20176789164543152,0.7952649593353271,,,
30,0.0002843959955498576,21599,0.20335479080677032,0.7965894341468811,,,
30,,21606,,,0.9336135983467102,0.24769654870033264,0.8343407511711121
31,0.00028432474937289953,21649,0.21674872934818268,0.8070836663246155,,,
31,0.0002842533867806196,21699,0.21843332052230835,0.8067765235900879,,,
31,0.00028418184956535697,21749,0.23445941507816315,0.8218603134155273,,,
31,0.00028411016683094203,21799,0.22194334864616394,0.8107888102531433,,,
31,0.0002840383385773748,21849,0.22658751904964447,0.8080534934997559,,,
31,0.0002839663648046553,21899,0.18997949361801147,0.7808548212051392,,,
31,0.00028389421640895307,21949,0.188873291015625,0.7789587378501892,,,
31,0.00028382192249409854,21999,0.23364399373531342,0.8175262212753296,,,
31,0.00028374948306009173,22049,0.22017748653888702,0.8071200251579285,,,
31,0.00028367689810693264,22099,0.22333666682243347,0.812043309211731,,,
31,0.00028360416763462126,22149,0.20549926161766052,0.7889294624328613,,,
31,0.00028353126253932714,22199,0.21142274141311646,0.8011983036994934,,,
31,0.00028345821192488074,22249,0.22050531208515167,0.8118017911911011,,,
31,0.00028338501579128206,22299,0.206095889210701,0.7952366471290588,,,
31,,22303,,,0.9357327222824097,0.24892748892307281,0.8326481580734253
32,0.0002833116741385311,22349,0.22791361808776855,0.8147855401039124,,,
32,0.00028323818696662784,22399,0.1895807981491089,0.7797871232032776,,,
32,0.00028316452517174184,22449,0.19311900436878204,0.7820932865142822,,,
32,0.000283090746961534,22499,0.18308229744434357,0.7731404900550842,,,
32,0.00028301679412834346,22549,0.2041027545928955,0.792424201965332,,,
32,0.0002829426957760006,22599,0.18852803111076355,0.7776827812194824,,,
32,0.0002828684519045055,22649,0.20291513204574585,0.7940437197685242,,,
32,0.0002827940334100276,22699,0.19359174370765686,0.7857387065887451,,,
32,0.00028271949850022793,22749,0.20253166556358337,0.785479724407196,,,
32,0.0002826447889674455,22799,0.2032763659954071,0.7966251373291016,,,
32,0.0002825699339155108,22849,0.19376835227012634,0.7915887832641602,,,
32,0.00028249493334442377,22899,0.17936944961547852,0.7745416760444641,,,
32,0.0002824197872541845,22949,0.2058982402086258,0.7944010496139526,,,
32,0.0002823444956447929,22999,0.20697669684886932,0.7979650497436523,,,
32,,23000,,,0.9338201284408569,0.2415209412574768,0.8253179788589478
33,0.0002822690294124186,23049,0.20957474410533905,0.7987650632858276,,,
33,0.000282193417660892,23099,0.2042464166879654,0.8029309511184692,,,
33,0.0002821176894940436,23149,0.1941232830286026,0.7898709774017334,,,
33,0.00028204178670421243,23199,0.18220926821231842,0.7781196236610413,,,
33,0.000281965738395229,23249,0.1927926391363144,0.7867318391799927,,,
33,0.00028188954456709325,23299,0.16825023293495178,0.7638137340545654,,,
33,0.00028181320521980524,23349,0.18736805021762848,0.7791287899017334,,,
33,0.0002817366912495345,23399,0.1754606068134308,0.7706273198127747,,,
33,0.0002816600608639419,23449,0.17891673743724823,0.7737479209899902,,,
33,0.0002815832558553666,23499,0.17690756916999817,0.7702799439430237,,,
33,0.000281506305327639,23549,0.21412953734397888,0.8038723468780518,,,
33,0.00028142923838458955,23599,0.17379498481750488,0.7742269039154053,,,
33,0.0002813519968185574,23649,0.17740799486637115,0.7747616171836853,,,
33,,23697,,,0.9360130429267883,0.22196689248085022,0.8070535063743591
34,0.0002812746097333729,23699,0.18485599756240845,0.7765021920204163,,,
34,0.0002811970771290362,23749,0.17612789571285248,0.7757914662361145,,,
34,0.00028111939900554717,23799,0.17675773799419403,0.7747080326080322,,,
34,0.0002810415462590754,23849,0.1876876950263977,0.7766521573066711,,,
34,0.0002809635770972818,23899,0.20810897648334503,0.8017674088478088,,,
34,0.00028088546241633594,23949,0.1890196055173874,0.773612916469574,,,
34,0.0002808071731124073,23999,0.18473857641220093,0.7832196950912476,,,
34,0.00028072873828932643,24049,0.16986533999443054,0.7629216909408569,,,
34,0.0002806501870509237,24099,0.17949643731117249,0.7756307125091553,,,
34,0.00028057146118953824,24149,0.1951759159564972,0.7894217371940613,,,
34,0.0002804925898090005,24199,0.16818851232528687,0.7634332180023193,,,
34,0.00028041357290931046,24249,0.17992949485778809,0.7757946252822876,,,
34,0.0002803344395942986,24299,0.1768978238105774,0.7716943621635437,,,
34,0.000280255131656304,24349,0.16231422126293182,0.7585789561271667,,,
34,,24394,,,0.9342249631881714,0.20962631702423096,0.7983043789863586
35,0.0002801756781991571,24399,0.1834629625082016,0.7802407145500183,,,
35,0.00028009607922285795,24449,0.15676535665988922,0.7491443157196045,,,
35,0.00028001630562357605,24499,0.17119565606117249,0.7645021677017212,,,
35,0.0002799364156089723,24549,0.1743060201406479,0.7709535956382751,,,
35,0.0002798563800752163,24599,0.16771644353866577,0.764523983001709,,,
35,0.000279776199022308,24649,0.17106588184833527,0.7686697244644165,,,
35,0.0002796958724502474,24699,0.14933106303215027,0.7435779571533203,,,
35,0.0002796153712552041,24749,0.14722010493278503,0.7503485083580017,,,
35,0.00027953475364483893,24799,0.18160215020179749,0.7729197144508362,,,
35,0.0002794539905153215,24849,0.15234291553497314,0.7504081130027771,,,
35,0.0002793730818666518,24899,0.16244196891784668,0.7556222677230835,,,
35,0.0002792919985949993,24949,0.16525231301784515,0.7624871730804443,,,
35,0.000279210798908025,24999,0.16209736466407776,0.7619370818138123,,,
35,0.00027912945370189846,25049,0.15851886570453644,0.7543976902961731,,,
35,,25091,,,0.9348105788230896,0.20135597884655,0.7884591817855835
36,0.00027904793387278914,25099,0.15806862711906433,0.7534598708152771,,,
36,0.000278966297628358,25149,0.1400287002325058,0.7378194332122803,,,
36,0.0002788845158647746,25199,0.12453527748584747,0.7240409851074219,,,
36,0.0002788025594782084,25249,0.14588625729084015,0.7458946108818054,,,
36,0.00027872048667632043,25299,0.1405535638332367,0.7437651753425598,,,
36,0.00027863826835528016,25349,0.14380699396133423,0.7414093613624573,,,
36,0.00027855587541125715,25399,0.15139327943325043,0.7488887310028076,,,
36,0.0002784733660519123,25449,0.14586152136325836,0.7417868375778198,,,
36,0.0002783907111734152,25499,0.1432197540998459,0.7400601506233215,,,
36,0.0002783079107757658,25549,0.1641726791858673,0.7595953345298767,,,
36,0.0002782249648589641,25599,0.1587897092103958,0.7543182969093323,,,
36,0.0002781418734230101,25649,0.1414194107055664,0.7394984364509583,,,
36,0.0002780586073640734,25699,0.14793449640274048,0.7463685870170593,,,
36,0.00027797522488981485,25749,0.14645026624202728,0.7418509721755981,,,
36,,25788,,,0.9422871470451355,0.18158400058746338,0.7699616551399231
37,0.00027789169689640403,25799,0.1307820826768875,0.7344934344291687,,,
37,0.0002778080524876714,25849,0.14073380827903748,0.744009792804718,,,
37,0.000277724233455956,25899,0.1162390261888504,0.7206379771232605,,,
37,0.0002776402689050883,25949,0.11693654209375381,0.7147049903869629,,,
37,0.00027755615883506835,25999,0.12148679792881012,0.724693238735199,,,
37,0.00027747193234972656,26049,0.13444633781909943,0.7318519949913025,,,
37,0.00027738753124140203,26099,0.12183179706335068,0.7223693132400513,,,
37,0.0002773029846139252,26149,0.14088989794254303,0.7367220520973206,,,
37,0.0002772183215711266,26199,0.12375243753194809,0.7270549535751343,,,
37,0.00027713351300917566,26249,0.12090541422367096,0.7233152389526367,,,
37,0.000277048529824242,26299,0.13754604756832123,0.7354355454444885,,,
37,0.0002769634302239865,26349,0.12624222040176392,0.7302991151809692,,,
37,0.00027687818510457873,26399,0.13284540176391602,0.7298045754432678,,,
37,0.0002767927944660187,26449,0.11675602942705154,0.7225171327590942,,,
37,,26485,,,0.9337000846862793,0.1800851970911026,0.7684192657470703
38,0.00027670725830830634,26499,0.1341833919286728,0.7377224564552307,,,
38,0.0002766215766314417,26549,0.13417068123817444,0.7356624007225037,,,
38,0.00027653577853925526,26599,0.11287473887205124,0.7136324644088745,,,
38,0.00027644980582408607,26649,0.12159823626279831,0.7200393676757812,,,
38,0.00027636371669359505,26699,0.1402280628681183,0.739833652973175,,,
38,0.0002762774529401213,26749,0.12381113320589066,0.7211523652076721,,,
38,0.0002761910727713257,26799,0.10396654903888702,0.7065709829330444,,,
38,0.00027610454708337784,26849,0.1455843150615692,0.7448017597198486,,,
38,0.0002760178758762777,26899,0.1115633025765419,0.7125847339630127,,,
38,0.0002759310882538557,26949,0.15442900359630585,0.7557728886604309,,,
38,0.000275844126008451,26999,0.11284306645393372,0.715589165687561,,,
38,0.000275757018243894,27049,0.12393636256456375,0.7232412099838257,,,
38,0.00027566979406401515,27099,0.10237830132246017,0.704192042350769,,,
38,0.00027558242436498404,27149,0.12334562838077545,0.7239567041397095,,,
38,,27182,,,0.9308949708938599,0.1633598804473877,0.7551500201225281
39,0.00027549490914680064,27199,0.10973890125751495,0.7119505405426025,,,
39,0.00027540724840946496,27249,0.12228116393089294,0.7253566980361938,,,
39,0.000275319442152977,27299,0.12397659569978714,0.7281382083892822,,,
39,0.00027523149037733674,27349,0.12043368816375732,0.7247321605682373,,,
39,0.00027514342218637466,27399,0.1102953553199768,0.7096010446548462,,,
39,0.0002750552084762603,27449,0.11944220960140228,0.7211447358131409,,,
39,0.00027496684924699366,27499,0.10211549699306488,0.7076571583747864,,,
39,0.00027487834449857473,27549,0.10851877182722092,0.7101169228553772,,,
39,0.0002747896942310035,27599,0.09684406220912933,0.7019792199134827,,,
39,0.0002747009275481105,27649,0.10384572297334671,0.7043952941894531,,,
39,0.0002746119862422347,27699,0.11498486250638962,0.7166940569877625,,,
39,0.0002745229285210371,27749,0.12081750482320786,0.7236976623535156,,,
39,0.0002744337252806872,27799,0.11950944364070892,0.7210909128189087,,,
39,0.0002743444056250155,27849,0.11023515462875366,0.712158203125,,,
39,,27879,,,0.932512640953064,0.15486207604408264,0.7461487054824829
40,0.00027425491134636104,27899,0.12500007450580597,0.7268468737602234,,,
40,0.00027416530065238476,27949,0.10712651163339615,0.7076221108436584,,,
40,0.0002740755444392562,27999,0.10108310729265213,0.7022013068199158,,,
40,0.00027398564270697534,28049,0.094304159283638,0.6998766660690308,,,
40,0.0002738955954555422,28099,0.1159246414899826,0.7175983190536499,,,
40,0.00027380543178878725,28149,0.12061868607997894,0.7208341956138611,,,
40,0.00027371512260288,28199,0.08666139841079712,0.6898916959762573,,,
40,0.00027362466789782047,28249,0.10727795213460922,0.7111324667930603,,,
40,0.00027353406767360866,28299,0.08779141306877136,0.6885465979576111,,,
40,0.000273443351034075,28349,0.10539062321186066,0.7055041790008545,,,
40,0.0002733524888753891,28399,0.1019422858953476,0.704025387763977,,,
40,0.0002732614811975509,28449,0.1055455431342125,0.703645646572113,,,
40,0.0002731703280005604,28499,0.10612040758132935,0.7100264430046082,,,
40,0.0002730790583882481,28549,0.07993575185537338,0.6829733848571777,,,
40,,28576,,,0.9330213069915771,0.1470000147819519,0.7409390211105347
41,0.00027298761415295303,28599,0.09638413786888123,0.696763813495636,,,
41,0.0002728960826061666,28649,0.10255034267902374,0.7058914303779602,,,
41,0.00027280437643639743,28699,0.08521757274866104,0.6872237920761108,,,
41,0.00027271255385130644,28749,0.13772334158420563,0.7390695810317993,,,
41,0.00027262058574706316,28799,0.09595169126987457,0.696273684501648,,,
41,0.0002725284721236676,28849,0.089917853474617,0.6931748986244202,,,
41,0.00027243621298111975,28899,0.10745347291231155,0.7093652486801147,,,
41,0.0002723438374232501,28949,0.1185198426246643,0.721670925617218,,,
41,0.0002722513163462281,28999,0.09104295074939728,0.6939820647239685,,,
41,0.00027215867885388434,29049,0.09380517154932022,0.7007942199707031,,,
41,0.0002720658667385578,29099,0.09414739906787872,0.6954432725906372,,,
41,0.00027197293820790946,29149,0.10824290663003922,0.7069880366325378,,,
41,0.0002718798932619393,29199,0.08580547571182251,0.6883246302604675,,,
41,0.00027178667369298637,29249,0.10578233003616333,0.7086842060089111,,,
41,,29273,,,0.9276235699653625,0.14825250208377838,0.7400397062301636
42,0.0002716933377087116,29299,0.09372629225254059,0.6959679126739502,,,
42,0.00027159988530911505,29349,0.09704146534204483,0.7011454105377197,,,
42,0.00027150625828653574,29399,0.10060571134090424,0.7053331732749939,,,
42,0.0002714125148486346,29449,0.08813813328742981,0.6909931898117065,,,
42,0.00027131865499541163,29499,0.10531365871429443,0.7093921899795532,,,
42,0.00027122462051920593,29549,0.08172005414962769,0.6891475915908813,,,
42,0.0002711304696276784,29599,0.11440733075141907,0.7159165740013123,,,
42,0.0002710361732169986,29649,0.09085314720869064,0.6932368278503418,,,
42,0.00027094176039099693,29699,0.09164132177829742,0.6966062188148499,,,
42,0.000270847202045843,29749,0.10725241154432297,0.7089648246765137,,,
42,0.00027075252728536725,29799,0.09320731461048126,0.6974501609802246,,,
42,0.00027065767790190876,29849,0.08938121795654297,0.6933977007865906,,,
42,0.0002705627412069589,29899,0.0956924557685852,0.6988431811332703,,,
42,0.0002704676298890263,29949,0.10322267562150955,0.7086108326911926,,,
42,,29970,,,0.9265053868293762,0.14788788557052612,0.7388238310813904
43,0.00027037240215577185,29999,0.11110123991966248,0.71595698595047,,,
43,0.00027027702890336514,30049,0.11077257990837097,0.7143087387084961,,,
43,0.0002701815392356366,30099,0.10236143320798874,0.7081270217895508,,,
43,0.00027008590404875576,30149,0.0940023735165596,0.693815290927887,,,
43,0.00026999012334272265,30199,0.09074664115905762,0.6926096081733704,,,
43,0.0002698942262213677,30249,0.07758936285972595,0.6828469038009644,,,
43,0.00026979821268469095,30299,0.10858919471502304,0.7127242088317871,,,
43,0.00026970202452503145,30349,0.10124277323484421,0.7037017941474915,,,
43,0.0002696057199500501,30399,0.09018123894929886,0.6926180720329285,,,
43,0.00026950929895974696,30449,0.10274053364992142,0.7063767313957214,,,
43,0.0002694127324502915,30499,0.10793308913707733,0.7147759795188904,,,
43,0.0002693160204216838,30549,0.0902031660079956,0.693612277507782,,,
43,0.00026921919197775424,30599,0.08119024336338043,0.6853325366973877,,,
43,0.0002691222180146724,30649,0.08711320906877518,0.6901427507400513,,,
43,,30667,,,0.9251068234443665,0.14116282761096954,0.7327895760536194
44,0.00026902512763626873,30699,0.10621249675750732,0.7108068466186523,,,
44,0.0002689278917387128,30749,0.08858118206262589,0.6924426555633545,,,
44,0.00026883051032200456,30799,0.10049854218959808,0.7061831951141357,,,
44,0.0002687330124899745,30849,0.09928903728723526,0.7049298286437988,,,
44,0.0002686353982426226,30899,0.09910629689693451,0.7041851878166199,,,
44,0.00026853763847611845,30949,0.07276608794927597,0.6784540414810181,,,
44,0.000268439733190462,30999,0.08497177809476852,0.6895996332168579,,,
44,0.0002683417114894837,31049,0.08538595587015152,0.6922312378883362,,,
44,0.00026824354426935315,31099,0.08931348472833633,0.6943356394767761,,,
44,0.00026814526063390076,31149,0.06681378930807114,0.672762930393219,,,
44,0.0002680468314792961,31199,0.08260615170001984,0.6882484555244446,,,
44,0.0002679482859093696,31249,0.08184870332479477,0.6899055242538452,,,
44,0.0002678495948202908,31299,0.06813592463731766,0.6733678579330444,,,
44,0.0002677507873158902,31349,0.09318637102842331,0.7002103924751282,,,
44,,31364,,,0.9157043099403381,0.1525062918663025,0.738905131816864
45,0.0002676518342923373,31399,0.07694858312606812,0.6831730604171753,,,
45,0.0002675527648534626,31449,0.08908280730247498,0.6936832070350647,,,
45,0.00026745354989543557,31499,0.0884409174323082,0.6939751505851746,,,
45,0.00026735421852208674,31549,0.07034433633089066,0.6741430163383484,,,
45,0.0002672547416295856,31599,0.10039114952087402,0.7021238803863525,,,
45,0.0002671551483217627,31649,0.07599105685949326,0.681961178779602,,,
45,0.00026705540949478745,31699,0.10017531365156174,0.7028533816337585,,,
45,0.0002669555542524904,31749,0.07898697257041931,0.6827651262283325,,,
45,0.00026685555349104106,31799,0.1075444445014,0.7098698616027832,,,
45,0.0002667554363142699,31849,0.09147106856107712,0.6939988136291504,,,
45,0.0002666552027221769,31899,0.06530006229877472,0.6687300801277161,,,
45,0.00026655482361093163,31949,0.10430795699357986,0.7045766711235046,,,
45,0.0002664542989805341,31999,0.08594348281621933,0.6901058554649353,,,
45,0.0002663536579348147,32049,0.06006280332803726,0.6653953194618225,,,
45,,32061,,,0.9303449392318726,0.13447871804237366,0.727374255657196
46,0.0002662529004737735,32099,0.0895770862698555,0.6923481822013855,,,
46,0.00026615199749358,32149,0.0713929682970047,0.6777744293212891,,,
46,0.00026605097809806466,32199,0.08385811746120453,0.6908875703811646,,,
46,0.00026594981318339705,32249,0.06732023507356644,0.6712903380393982,,,
46,0.0002658485318534076,32299,0.0934470072388649,0.6968259811401367,,,
46,0.00026574713410809636,32349,0.10108387470245361,0.7081047892570496,,,
46,0.0002656455908436328,32399,0.08274274319410324,0.690545916557312,,,
46,0.000265543902060017,32449,0.09279675036668777,0.6997213363647461,,,
46,0.0002654421259649098,32499,0.06679834425449371,0.6739734411239624,,,
46,0.0002653402043506503,32549,0.09253755956888199,0.6975626945495605,,,
46,0.00026523813721723855,32599,0.08030130714178085,0.6867669820785522,,,
46,0.00026513595366850495,32649,0.06551145017147064,0.6728215217590332,,,
46,0.00026503365370444953,32699,0.07621889561414719,0.679215669631958,,,
46,0.00026493120822124183,32749,0.07830963283777237,0.6842162013053894,,,
46,,32758,,,0.9208185076713562,0.1406419426202774,0.7306230068206787
47,0.0002648286463227123,32799,0.06723931431770325,0.6717622876167297,,,
47,0.00026472596800886095,32849,0.07892285287380219,0.6884105801582336,,,
47,0.0002646231441758573,32899,0.06720206141471863,0.6719300746917725,,,
47,0.00026452020392753184,32949,0.08429145067930222,0.6896140575408936,,,
47,0.0002644171181600541,32999,0.07375804334878922,0.6824894547462463,,,
47,0.0002643139159772545,33049,0.0667572021484375,0.6727486848831177,,,
47,0.0002642105973791331,33099,0.07401666790246964,0.680084228515625,,,
47,0.0002641071332618594,33149,0.0688871294260025,0.6732338666915894,,,
47,0.00026400358183309436,33199,0.09370503574609756,0.6992268562316895,,,
47,0.00026389985578134656,33249,0.06302886456251144,0.6680580973625183,,,
47,0.0002637960424181074,33299,0.07374312728643417,0.6800017952919006,,,
47,0.00026369208353571594,33349,0.06389761716127396,0.6677819490432739,,,
47,0.0002635879791341722,33399,0.0746859610080719,0.6787969470024109,,,
47,0.0002634837874211371,33449,0.05958542972803116,0.664303719997406,,,
47,,33455,,,0.9297217130661011,0.12930548191070557,0.7228984832763672
48,0.0002633794501889497,33499,0.07526776939630508,0.6792783737182617,,,
48,0.0002632749965414405,33549,0.06838331371545792,0.6734603047370911,,,
48,0.000263170397374779,33599,0.06723218411207199,0.6751374006271362,,,
48,0.0002630657108966261,33649,0.08718214184045792,0.6911599636077881,,,
48,0.0002629608497954905,33699,0.07668294757604599,0.6861555576324463,,,
48,0.0002628559013828635,33749,0.0850270614027977,0.6917386054992676,,,
48,0.00026275080745108426,33799,0.09504581987857819,0.7043287754058838,,,
48,0.00026264559710398316,33849,0.06369619071483612,0.6713151335716248,,,
48,0.00026254027034156024,33899,0.0636991634964943,0.6678597927093506,,,
48,0.0002624348271638155,33949,0.07044050097465515,0.673674464225769,,,
48,0.00026232923846691847,33999,0.08249486237764359,0.6858647465705872,,,
48,0.0002622235333546996,34049,0.07815251499414444,0.6825579404830933,,,
48,0.00026211771182715893,34099,0.06352047622203827,0.6696814894676208,,,
48,0.00026201174478046596,34149,0.08086106926202774,0.6885249018669128,,,
48,,34152,,,0.9194233417510986,0.13691411912441254,0.7279494404792786
49,0.00026190566131845117,34199,0.08884355425834656,0.6942080855369568,,,
49,0.00026179946144111454,34249,0.0726831778883934,0.6752563714981079,,,
49,0.0002616931451484561,34299,0.09859941899776459,0.7022177577018738,,,
49,0.00026158668333664536,34349,0.058831993490457535,0.6647647619247437,,,
49,0.0002614801051095128,34399,0.08313637226819992,0.691079318523407,,,
49,0.0002613734104670584,34449,0.07845556735992432,0.6826680898666382,,,
49,0.0002612665994092822,34499,0.08395954221487045,0.6882118582725525,,,
49,0.00026115967193618417,34549,0.06576122343540192,0.6728653907775879,,,
49,0.00026105259894393384,34599,0.06465376913547516,0.6707330346107483,,,
49,0.0002609454095363617,34649,0.06417813897132874,0.6710786819458008,,,
49,0.0002608381037134677,34699,0.06596121191978455,0.6734479665756226,,,
49,0.0002607306814752519,34749,0.08721966296434402,0.6906034350395203,,,
49,0.0002606231137178838,34799,0.05565302073955536,0.6605333089828491,,,
49,0.00026051545864902437,34849,0.07188742607831955,0.6761813759803772,,,
49,,34849,,,0.9286287426948547,0.12698087096214294,0.718946635723114
50,0.0002604076580610126,34899,0.08841972798109055,0.6915875673294067,,,
50,0.00026029974105767906,34949,0.08027105778455734,0.6873682141304016,,,
50,0.00026019170763902366,34999,0.08418585360050201,0.6873131990432739,,,
50,0.000260083528701216,35049,0.07246401160955429,0.6784865856170654,,,
50,0.00025997526245191693,35099,0.07133912295103073,0.6774041652679443,,,
50,0.0002598668506834656,35149,0.07923062890768051,0.6851587891578674,,,
50,0.00025975832249969244,35199,0.05871427431702614,0.6660275459289551,,,
50,0.00025964967790059745,35249,0.09339752048254013,0.6980178952217102,,,
50,0.00025954091688618064,35299,0.07618067413568497,0.6845674514770508,,,
50,0.000259432039456442,35349,0.06758620589971542,0.6733856201171875,,,
50,0.00025932304561138153,35399,0.08120125532150269,0.6889548897743225,,,
50,0.0002592139062471688,35449,0.08572815358638763,0.6908191442489624,,,
50,0.0002591046504676342,35499,0.08677040785551071,0.6917810440063477,,,
50,,35546,,,0.925875723361969,0.12862560153007507,0.7187206745147705
51,0.0002589952782727778,35549,0.06988338381052017,0.6737321615219116,,,
51,0.00025888581876643,35599,0.06990717351436615,0.674632728099823,,,
51,0.00025877621374092996,35649,0.06505133211612701,0.6685898303985596,,,
51,0.0002586664631962776,35699,0.05471415817737579,0.66106116771698,,,
51,0.0002585566253401339,35749,0.07213650643825531,0.6780864596366882,,,
51,0.00025844667106866837,35799,0.07344935834407806,0.6821089386940002,,,
51,0.00025833657127805054,35849,0.05949828401207924,0.662406861782074,,,
51,0.00025822638417594135,35899,0.0819326713681221,0.6880946755409241,,,
51,0.00025811605155467987,35949,0.08571124076843262,0.6915492415428162,,,
51,0.00025800560251809657,35999,0.07425015419721603,0.681186854839325,,,
51,0.0002578950661700219,36049,0.058163244277238846,0.6605861783027649,,,
51,0.00025778438430279493,36099,0.08023463189601898,0.6876832842826843,,,
51,0.00025767358602024615,36149,0.061519503593444824,0.6654879450798035,,,
